month,state,permit,totals,Pop_est,Under_5years_%,Under_18years_%,Over_65years_%,Female_%,Black_African_alone_%
2016-12-01,Alabama,26996,62014,4863300,6.0,22.6,16.1,51.6,26.8
2016-11-01,Alabama,22628,50477,4863300,6.0,22.6,16.1,51.6,26.8
2016-10-01,Alabama,22979,43251,4863300,6.0,22.6,16.1,51.6,26.8
2016-09-01,Alabama,22014,41336,4863300,6.0,22.6,16.1,51.6,26.8
2016-08-01,Alabama,22987,42455,4863300,6.0,22.6,16.1,51.6,26.8
2016-07-01,Alabama,27765,48927,4863300,6.0,22.6,16.1,51.6,26.8
2016-06-01,Alabama,24802,44976,4863300,6.0,22.6,16.1,51.6,26.8
2016-05-01,Alabama,20092,36157,4863300,6.0,22.6,16.1,51.6,26.8
2016-04-01,Alabama,20959,41239,4863300,6.0,22.6,16.1,51.6,26.8
2016-03-01,Alabama,27829,55486,4863300,6.0,22.6,16.1,51.6,26.8
2016-02-01,Alabama,24746,77411,4863300,6.0,22.6,16.1,51.6,26.8
2016-01-01,Alabama,27242,73218,4863300,6.0,22.6,16.1,51.6,26.8
2016-12-01,Alaska,254,8786,741894,7.3,25.2,10.4,47.7,3.8
2016-11-01,Alaska,254,8514,741894,7.3,25.2,10.4,47.7,3.8
2016-10-01,Alaska,336,9383,741894,7.3,25.2,10.4,47.7,3.8
2016-09-01,Alaska,306,6867,741894,7.3,25.2,10.4,47.7,3.8
2016-08-01,Alaska,183,7194,741894,7.3,25.2,10.4,47.7,3.8
2016-07-01,Alaska,215,6793,741894,7.3,25.2,10.4,47.7,3.8
2016-06-01,Alaska,290,7406,741894,7.3,25.2,10.4,47.7,3.8
2016-05-01,Alaska,253,5991,741894,7.3,25.2,10.4,47.7,3.8
2016-04-01,Alaska,298,6867,741894,7.3,25.2,10.4,47.7,3.8
2016-03-01,Alaska,256,6982,741894,7.3,25.2,10.4,47.7,3.8
2016-02-01,Alaska,284,6779,741894,7.3,25.2,10.4,47.7,3.8
2016-01-01,Alaska,192,6085,741894,7.3,25.2,10.4,47.7,3.8
2016-12-01,Arizona,8900,44887,6931071,6.3,23.5,16.9,50.3,4.9
2016-11-01,Arizona,8398,39722,6931071,6.3,23.5,16.9,50.3,4.9
2016-10-01,Arizona,8072,34134,6931071,6.3,23.5,16.9,50.3,4.9
2016-09-01,Arizona,8641,33390,6931071,6.3,23.5,16.9,50.3,4.9
2016-08-01,Arizona,8752,33422,6931071,6.3,23.5,16.9,50.3,4.9
2016-07-01,Arizona,7863,34496,6931071,6.3,23.5,16.9,50.3,4.9
2016-06-01,Arizona,6371,32540,6931071,6.3,23.5,16.9,50.3,4.9
2016-05-01,Arizona,6941,28671,6931071,6.3,23.5,16.9,50.3,4.9
2016-04-01,Arizona,7230,32005,6931071,6.3,23.5,16.9,50.3,4.9
2016-03-01,Arizona,8078,35795,6931071,6.3,23.5,16.9,50.3,4.9
2016-02-01,Arizona,4627,35307,6931071,6.3,23.5,16.9,50.3,4.9
2016-01-01,Arizona,3898,31910,6931071,6.3,23.5,16.9,50.3,4.9
2016-12-01,Arkansas,3294,29926,2988248,6.4,23.6,16.3,50.9,15.7
2016-11-01,Arkansas,2755,26901,2988248,6.4,23.6,16.3,50.9,15.7
2016-10-01,Arkansas,4005,22709,2988248,6.4,23.6,16.3,50.9,15.7
2016-09-01,Arkansas,3300,18826,2988248,6.4,23.6,16.3,50.9,15.7
2016-08-01,Arkansas,5990,21692,2988248,6.4,23.6,16.3,50.9,15.7
2016-07-01,Arkansas,4116,19378,2988248,6.4,23.6,16.3,50.9,15.7
2016-06-01,Arkansas,5233,18779,2988248,6.4,23.6,16.3,50.9,15.7
2016-05-01,Arkansas,5452,16422,2988248,6.4,23.6,16.3,50.9,15.7
2016-04-01,Arkansas,5825,19048,2988248,6.4,23.6,16.3,50.9,15.7
2016-03-01,Arkansas,7649,24390,2988248,6.4,23.6,16.3,50.9,15.7
2016-02-01,Arkansas,4167,27506,2988248,6.4,23.6,16.3,50.9,15.7
2016-01-01,Arkansas,3670,20437,2988248,6.4,23.6,16.3,50.9,15.7
2016-12-01,California,61808,298161,39250017,6.3,23.2,13.6,50.3,6.5
2016-11-01,California,53278,224039,39250017,6.3,23.2,13.6,50.3,6.5
2016-10-01,California,60578,180968,39250017,6.3,23.2,13.6,50.3,6.5
2016-09-01,California,62196,159077,39250017,6.3,23.2,13.6,50.3,6.5
2016-08-01,California,75535,176770,39250017,6.3,23.2,13.6,50.3,6.5
2016-07-01,California,77962,190218,39250017,6.3,23.2,13.6,50.3,6.5
2016-06-01,California,81628,173846,39250017,6.3,23.2,13.6,50.3,6.5
2016-05-01,California,91841,166035,39250017,6.3,23.2,13.6,50.3,6.5
2016-04-01,California,93023,171256,39250017,6.3,23.2,13.6,50.3,6.5
2016-03-01,California,117206,201041,39250017,6.3,23.2,13.6,50.3,6.5
2016-02-01,California,134211,214844,39250017,6.3,23.2,13.6,50.3,6.5
2016-01-01,California,127715,220912,39250017,6.3,23.2,13.6,50.3,6.5
2016-12-01,Colorado,5333,55428,5540545,6.1,22.8,13.4,49.7,4.5
2016-11-01,Colorado,7129,54418,5540545,6.1,22.8,13.4,49.7,4.5
2016-10-01,Colorado,4751,45337,5540545,6.1,22.8,13.4,49.7,4.5
2016-09-01,Colorado,5593,40013,5540545,6.1,22.8,13.4,49.7,4.5
2016-08-01,Colorado,6238,40996,5540545,6.1,22.8,13.4,49.7,4.5
2016-07-01,Colorado,6372,43094,5540545,6.1,22.8,13.4,49.7,4.5
2016-06-01,Colorado,5283,41134,5540545,6.1,22.8,13.4,49.7,4.5
2016-05-01,Colorado,6924,36512,5540545,6.1,22.8,13.4,49.7,4.5
2016-04-01,Colorado,8900,41636,5540545,6.1,22.8,13.4,49.7,4.5
2016-03-01,Colorado,11129,46430,5540545,6.1,22.8,13.4,49.7,4.5
2016-02-01,Colorado,9004,47302,5540545,6.1,22.8,13.4,49.7,4.5
2016-01-01,Colorado,8431,48214,5540545,6.1,22.8,13.4,49.7,4.5
2016-12-01,Connecticut,6527,17825,3576452,5.2,21.1,16.1,51.2,11.8
2016-11-01,Connecticut,6766,17223,3576452,5.2,21.1,16.1,51.2,11.8
2016-10-01,Connecticut,6827,16048,3576452,5.2,21.1,16.1,51.2,11.8
2016-09-01,Connecticut,6953,14955,3576452,5.2,21.1,16.1,51.2,11.8
2016-08-01,Connecticut,13217,27353,3576452,5.2,21.1,16.1,51.2,11.8
2016-07-01,Connecticut,14156,29755,3576452,5.2,21.1,16.1,51.2,11.8
2016-06-01,Connecticut,17183,33475,3576452,5.2,21.1,16.1,51.2,11.8
2016-05-01,Connecticut,15718,29247,3576452,5.2,21.1,16.1,51.2,11.8
2016-04-01,Connecticut,16609,32657,3576452,5.2,21.1,16.1,51.2,11.8
2016-03-01,Connecticut,16727,35332,3576452,5.2,21.1,16.1,51.2,11.8
2016-02-01,Connecticut,14261,32110,3576452,5.2,21.1,16.1,51.2,11.8
2016-01-01,Connecticut,14005,31712,3576452,5.2,21.1,16.1,51.2,11.8
2016-12-01,Delaware,320,6356,952065,5.8,21.5,17.5,51.6,22.6
2016-11-01,Delaware,261,5791,952065,5.8,21.5,17.5,51.6,22.6
2016-10-01,Delaware,1317,5757,952065,5.8,21.5,17.5,51.6,22.6
2016-09-01,Delaware,291,4160,952065,5.8,21.5,17.5,51.6,22.6
2016-08-01,Delaware,705,4169,952065,5.8,21.5,17.5,51.6,22.6
2016-07-01,Delaware,755,4494,952065,5.8,21.5,17.5,51.6,22.6
2016-06-01,Delaware,1188,4987,952065,5.8,21.5,17.5,51.6,22.6
2016-05-01,Delaware,1255,4355,952065,5.8,21.5,17.5,51.6,22.6
2016-04-01,Delaware,848,4316,952065,5.8,21.5,17.5,51.6,22.6
2016-03-01,Delaware,690,4986,952065,5.8,21.5,17.5,51.6,22.6
2016-02-01,Delaware,415,5173,952065,5.8,21.5,17.5,51.6,22.6
2016-01-01,Delaware,395,4886,952065,5.8,21.5,17.5,51.6,22.6
2016-12-01,Florida,24096,144983,20612439,5.5,20.1,19.9,51.1,16.8
2016-11-01,Florida,25377,134638,20612439,5.5,20.1,19.9,51.1,16.8
2016-10-01,Florida,23891,111657,20612439,5.5,20.1,19.9,51.1,16.8
2016-09-01,Florida,24431,102843,20612439,5.5,20.1,19.9,51.1,16.8
2016-08-01,Florida,31652,114446,20612439,5.5,20.1,19.9,51.1,16.8
2016-07-01,Florida,28106,125208,20612439,5.5,20.1,19.9,51.1,16.8
2016-06-01,Florida,28462,125567,20612439,5.5,20.1,19.9,51.1,16.8
2016-05-01,Florida,27235,94732,20612439,5.5,20.1,19.9,51.1,16.8
2016-04-01,Florida,27570,104114,20612439,5.5,20.1,19.9,51.1,16.8
2016-03-01,Florida,34627,119207,20612439,5.5,20.1,19.9,51.1,16.8
2016-02-01,Florida,33181,132010,20612439,5.5,20.1,19.9,51.1,16.8
2016-01-01,Florida,28458,125935,20612439,5.5,20.1,19.9,51.1,16.8
2016-12-01,Georgia,16891,68269,10310371,6.4,24.4,13.1,51.3,32.0
2016-11-01,Georgia,19019,58723,10310371,6.4,24.4,13.1,51.3,32.0
2016-10-01,Georgia,17189,48308,10310371,6.4,24.4,13.1,51.3,32.0
2016-09-01,Georgia,14745,41621,10310371,6.4,24.4,13.1,51.3,32.0
2016-08-01,Georgia,18136,44370,10310371,6.4,24.4,13.1,51.3,32.0
2016-07-01,Georgia,20555,49183,10310371,6.4,24.4,13.1,51.3,32.0
2016-06-01,Georgia,16995,42626,10310371,6.4,24.4,13.1,51.3,32.0
2016-05-01,Georgia,13787,33740,10310371,6.4,24.4,13.1,51.3,32.0
2016-04-01,Georgia,16847,41265,10310371,6.4,24.4,13.1,51.3,32.0
2016-03-01,Georgia,24301,55396,10310371,6.4,24.4,13.1,51.3,32.0
2016-02-01,Georgia,24137,66777,10310371,6.4,24.4,13.1,51.3,32.0
2016-01-01,Georgia,30513,62707,10310371,6.4,24.4,13.1,51.3,32.0
2016-12-01,Hawaii,1139,1141,1428557,6.4,21.6,17.1,49.8,2.2
2016-11-01,Hawaii,1347,1347,1428557,6.4,21.6,17.1,49.8,2.2
2016-10-01,Hawaii,1268,1277,1428557,6.4,21.6,17.1,49.8,2.2
2016-09-01,Hawaii,1237,1247,1428557,6.4,21.6,17.1,49.8,2.2
2016-08-01,Hawaii,1298,1305,1428557,6.4,21.6,17.1,49.8,2.2
2016-07-01,Hawaii,1563,1565,1428557,6.4,21.6,17.1,49.8,2.2
2016-06-01,Hawaii,1743,1754,1428557,6.4,21.6,17.1,49.8,2.2
2016-05-01,Hawaii,1314,1316,1428557,6.4,21.6,17.1,49.8,2.2
2016-04-01,Hawaii,1452,1453,1428557,6.4,21.6,17.1,49.8,2.2
2016-03-01,Hawaii,1468,1469,1428557,6.4,21.6,17.1,49.8,2.2
2016-02-01,Hawaii,1419,1424,1428557,6.4,21.6,17.1,49.8,2.2
2016-01-01,Hawaii,1379,1383,1428557,6.4,21.6,17.1,49.8,2.2
2016-12-01,Idaho,3292,17034,1683140,6.8,26.0,15.1,49.9,0.8
2016-11-01,Idaho,1660,13965,1683140,6.8,26.0,15.1,49.9,0.8
2016-10-01,Idaho,2895,14160,1683140,6.8,26.0,15.1,49.9,0.8
2016-09-01,Idaho,2726,12611,1683140,6.8,26.0,15.1,49.9,0.8
2016-08-01,Idaho,2919,11635,1683140,6.8,26.0,15.1,49.9,0.8
2016-07-01,Idaho,3606,12154,1683140,6.8,26.0,15.1,49.9,0.8
2016-06-01,Idaho,4079,12947,1683140,6.8,26.0,15.1,49.9,0.8
2016-05-01,Idaho,1139,8658,1683140,6.8,26.0,15.1,49.9,0.8
2016-04-01,Idaho,2400,10638,1683140,6.8,26.0,15.1,49.9,0.8
2016-03-01,Idaho,4411,13824,1683140,6.8,26.0,15.1,49.9,0.8
2016-02-01,Idaho,4934,15520,1683140,6.8,26.0,15.1,49.9,0.8
2016-01-01,Idaho,4025,13197,1683140,6.8,26.0,15.1,49.9,0.8
2016-12-01,Illinois,17509,137994,12801539,6.0,22.9,14.6,50.9,14.7
2016-11-01,Illinois,26250,161604,12801539,6.0,22.9,14.6,50.9,14.7
2016-10-01,Illinois,20563,169348,12801539,6.0,22.9,14.6,50.9,14.7
2016-09-01,Illinois,17365,127535,12801539,6.0,22.9,14.6,50.9,14.7
2016-08-01,Illinois,17735,185912,12801539,6.0,22.9,14.6,50.9,14.7
2016-07-01,Illinois,125075,168227,12801539,6.0,22.9,14.6,50.9,14.7
2016-06-01,Illinois,128545,164500,12801539,6.0,22.9,14.6,50.9,14.7
2016-05-01,Illinois,91026,119574,12801539,6.0,22.9,14.6,50.9,14.7
2016-04-01,Illinois,117410,154306,12801539,6.0,22.9,14.6,50.9,14.7
2016-03-01,Illinois,132757,175762,12801539,6.0,22.9,14.6,50.9,14.7
2016-02-01,Illinois,125089,169908,12801539,6.0,22.9,14.6,50.9,14.7
2016-01-01,Illinois,143606,189400,12801539,6.0,22.9,14.6,50.9,14.7
2016-12-01,Indiana,40729,95672,6633053,6.4,23.8,14.9,50.7,9.7
2016-11-01,Indiana,40805,92535,6633053,6.4,23.8,14.9,50.7,9.7
2016-10-01,Indiana,30950,72085,6633053,6.4,23.8,14.9,50.7,9.7
2016-09-01,Indiana,30423,63820,6633053,6.4,23.8,14.9,50.7,9.7
2016-08-01,Indiana,44252,79202,6633053,6.4,23.8,14.9,50.7,9.7
2016-07-01,Indiana,53844,88340,6633053,6.4,23.8,14.9,50.7,9.7
2016-06-01,Indiana,61071,94326,6633053,6.4,23.8,14.9,50.7,9.7
2016-05-01,Indiana,91807,119897,6633053,6.4,23.8,14.9,50.7,9.7
2016-04-01,Indiana,91355,126579,6633053,6.4,23.8,14.9,50.7,9.7
2016-03-01,Indiana,107510,151821,6633053,6.4,23.8,14.9,50.7,9.7
2016-02-01,Indiana,170646,221556,6633053,6.4,23.8,14.9,50.7,9.7
2016-01-01,Indiana,183520,230892,6633053,6.4,23.8,14.9,50.7,9.7
2016-12-01,Iowa,12486,18090,3134693,6.4,23.3,16.4,50.3,3.7
2016-11-01,Iowa,12788,18540,3134693,6.4,23.3,16.4,50.3,3.7
2016-10-01,Iowa,10955,14908,3134693,6.4,23.3,16.4,50.3,3.7
2016-09-01,Iowa,9095,12094,3134693,6.4,23.3,16.4,50.3,3.7
2016-08-01,Iowa,9861,12518,3134693,6.4,23.3,16.4,50.3,3.7
2016-07-01,Iowa,9391,11937,3134693,6.4,23.3,16.4,50.3,3.7
2016-06-01,Iowa,9899,12209,3134693,6.4,23.3,16.4,50.3,3.7
2016-05-01,Iowa,10729,12578,3134693,6.4,23.3,16.4,50.3,3.7
2016-04-01,Iowa,12650,15435,3134693,6.4,23.3,16.4,50.3,3.7
2016-03-01,Iowa,20031,23526,3134693,6.4,23.3,16.4,50.3,3.7
2016-02-01,Iowa,20356,23728,3134693,6.4,23.3,16.4,50.3,3.7
2016-01-01,Iowa,23600,26714,3134693,6.4,23.3,16.4,50.3,3.7
2016-12-01,Kansas,1368,22282,2907289,6.7,24.6,15.0,50.2,6.2
2016-11-01,Kansas,2459,22646,2907289,6.7,24.6,15.0,50.2,6.2
2016-10-01,Kansas,2283,17656,2907289,6.7,24.6,15.0,50.2,6.2
2016-09-01,Kansas,1748,14051,2907289,6.7,24.6,15.0,50.2,6.2
2016-08-01,Kansas,1581,13770,2907289,6.7,24.6,15.0,50.2,6.2
2016-07-01,Kansas,1320,14140,2907289,6.7,24.6,15.0,50.2,6.2
2016-06-01,Kansas,890,12364,2907289,6.7,24.6,15.0,50.2,6.2
2016-05-01,Kansas,1006,10559,2907289,6.7,24.6,15.0,50.2,6.2
2016-04-01,Kansas,1392,13227,2907289,6.7,24.6,15.0,50.2,6.2
2016-03-01,Kansas,1857,16593,2907289,6.7,24.6,15.0,50.2,6.2
2016-02-01,Kansas,1711,19817,2907289,6.7,24.6,15.0,50.2,6.2
2016-01-01,Kansas,1787,19443,2907289,6.7,24.6,15.0,50.2,6.2
2016-12-01,Kentucky,358510,397059,4436974,6.2,22.8,15.6,50.7,8.3
2016-11-01,Kentucky,297507,330444,4436974,6.2,22.8,15.6,50.7,8.3
2016-10-01,Kentucky,354387,378973,4436974,6.2,22.8,15.6,50.7,8.3
2016-09-01,Kentucky,276744,298753,4436974,6.2,22.8,15.6,50.7,8.3
2016-08-01,Kentucky,9579,29746,4436974,6.2,22.8,15.6,50.7,8.3
2016-07-01,Kentucky,342858,363085,4436974,6.2,22.8,15.6,50.7,8.3
2016-06-01,Kentucky,340735,360293,4436974,6.2,22.8,15.6,50.7,8.3
2016-05-01,Kentucky,305018,321666,4436974,6.2,22.8,15.6,50.7,8.3
2016-04-01,Kentucky,285372,306214,4436974,6.2,22.8,15.6,50.7,8.3
2016-03-01,Kentucky,294755,321318,4436974,6.2,22.8,15.6,50.7,8.3
2016-02-01,Kentucky,229733,266913,4436974,6.2,22.8,15.6,50.7,8.3
2016-01-01,Kentucky,277415,302383,4436974,6.2,22.8,15.6,50.7,8.3
2016-12-01,Louisiana,6268,51493,4681666,6.6,23.8,14.4,51.1,32.6
2016-11-01,Louisiana,2928,39979,4681666,6.6,23.8,14.4,51.1,32.6
2016-10-01,Louisiana,3103,32820,4681666,6.6,23.8,14.4,51.1,32.6
2016-09-01,Louisiana,2914,33656,4681666,6.6,23.8,14.4,51.1,32.6
2016-08-01,Louisiana,3231,30716,4681666,6.6,23.8,14.4,51.1,32.6
2016-07-01,Louisiana,2595,41063,4681666,6.6,23.8,14.4,51.1,32.6
2016-06-01,Louisiana,2088,26278,4681666,6.6,23.8,14.4,51.1,32.6
2016-05-01,Louisiana,2376,20462,4681666,6.6,23.8,14.4,51.1,32.6
2016-04-01,Louisiana,2192,23719,4681666,6.6,23.8,14.4,51.1,32.6
2016-03-01,Louisiana,1937,26552,4681666,6.6,23.8,14.4,51.1,32.6
2016-02-01,Louisiana,2686,32939,4681666,6.6,23.8,14.4,51.1,32.6
2016-01-01,Louisiana,2823,32192,4681666,6.6,23.8,14.4,51.1,32.6
2016-12-01,Maine,442,10528,1331479,4.9,19.1,19.4,51.0,1.5
2016-11-01,Maine,533,10506,1331479,4.9,19.1,19.4,51.0,1.5
2016-10-01,Maine,567,12954,1331479,4.9,19.1,19.4,51.0,1.5
2016-09-01,Maine,660,10550,1331479,4.9,19.1,19.4,51.0,1.5
2016-08-01,Maine,615,8204,1331479,4.9,19.1,19.4,51.0,1.5
2016-07-01,Maine,540,7702,1331479,4.9,19.1,19.4,51.0,1.5
2016-06-01,Maine,763,7858,1331479,4.9,19.1,19.4,51.0,1.5
2016-05-01,Maine,568,6572,1331479,4.9,19.1,19.4,51.0,1.5
2016-04-01,Maine,656,8567,1331479,4.9,19.1,19.4,51.0,1.5
2016-03-01,Maine,704,9429,1331479,4.9,19.1,19.4,51.0,1.5
2016-02-01,Maine,438,9868,1331479,4.9,19.1,19.4,51.0,1.5
2016-01-01,Maine,500,8844,1331479,4.9,19.1,19.4,51.0,1.5
2016-12-01,Maryland,3687,17984,6016447,6.1,22.4,14.6,51.6,30.7
2016-11-01,Maryland,2214,17647,6016447,6.1,22.4,14.6,51.6,30.7
2016-10-01,Maryland,2866,14405,6016447,6.1,22.4,14.6,51.6,30.7
2016-09-01,Maryland,2659,12161,6016447,6.1,22.4,14.6,51.6,30.7
2016-08-01,Maryland,2761,12510,6016447,6.1,22.4,14.6,51.6,30.7
2016-07-01,Maryland,2383,12228,6016447,6.1,22.4,14.6,51.6,30.7
2016-06-01,Maryland,2132,11647,6016447,6.1,22.4,14.6,51.6,30.7
2016-05-01,Maryland,2567,11176,6016447,6.1,22.4,14.6,51.6,30.7
2016-04-01,Maryland,3361,13007,6016447,6.1,22.4,14.6,51.6,30.7
2016-03-01,Maryland,3898,14546,6016447,6.1,22.4,14.6,51.6,30.7
2016-02-01,Maryland,4039,14735,6016447,6.1,22.4,14.6,51.6,30.7
2016-01-01,Maryland,3458,13321,6016447,6.1,22.4,14.6,51.6,30.7
2016-12-01,Massachusetts,8192,19842,6811779,5.3,20.2,15.8,51.5,8.6
2016-11-01,Massachusetts,9009,21581,6811779,5.3,20.2,15.8,51.5,8.6
2016-10-01,Massachusetts,8761,19500,6811779,5.3,20.2,15.8,51.5,8.6
2016-09-01,Massachusetts,8095,17481,6811779,5.3,20.2,15.8,51.5,8.6
2016-08-01,Massachusetts,8977,18138,6811779,5.3,20.2,15.8,51.5,8.6
2016-07-01,Massachusetts,7091,20480,6811779,5.3,20.2,15.8,51.5,8.6
2016-06-01,Massachusetts,7045,17743,6811779,5.3,20.2,15.8,51.5,8.6
2016-05-01,Massachusetts,7114,15449,6811779,5.3,20.2,15.8,51.5,8.6
2016-04-01,Massachusetts,7414,17505,6811779,5.3,20.2,15.8,51.5,8.6
2016-03-01,Massachusetts,9327,20450,6811779,5.3,20.2,15.8,51.5,8.6
2016-02-01,Massachusetts,7944,17835,6811779,5.3,20.2,15.8,51.5,8.6
2016-01-01,Massachusetts,8547,20208,6811779,5.3,20.2,15.8,51.5,8.6
2016-12-01,Michigan,17469,47834,9928300,5.8,22.1,16.2,50.8,14.2
2016-11-01,Michigan,20528,56137,9928300,5.8,22.1,16.2,50.8,14.2
2016-10-01,Michigan,18470,49099,9928300,5.8,22.1,16.2,50.8,14.2
2016-09-01,Michigan,15152,41363,9928300,5.8,22.1,16.2,50.8,14.2
2016-08-01,Michigan,16743,41493,9928300,5.8,22.1,16.2,50.8,14.2
2016-07-01,Michigan,15869,40142,9928300,5.8,22.1,16.2,50.8,14.2
2016-06-01,Michigan,15883,39580,9928300,5.8,22.1,16.2,50.8,14.2
2016-05-01,Michigan,18750,37823,9928300,5.8,22.1,16.2,50.8,14.2
2016-04-01,Michigan,24885,48163,9928300,5.8,22.1,16.2,50.8,14.2
2016-03-01,Michigan,30175,59827,9928300,5.8,22.1,16.2,50.8,14.2
2016-02-01,Michigan,29353,61421,9928300,5.8,22.1,16.2,50.8,14.2
2016-01-01,Michigan,27885,56723,9928300,5.8,22.1,16.2,50.8,14.2
2016-12-01,Minnesota,32841,60056,5519952,6.4,23.3,15.1,50.2,6.2
2016-11-01,Minnesota,32676,62666,5519952,6.4,23.3,15.1,50.2,6.2
2016-10-01,Minnesota,38403,70854,5519952,6.4,23.3,15.1,50.2,6.2
2016-09-01,Minnesota,30783,58507,5519952,6.4,23.3,15.1,50.2,6.2
2016-08-01,Minnesota,28620,51700,5519952,6.4,23.3,15.1,50.2,6.2
2016-07-01,Minnesota,22422,43368,5519952,6.4,23.3,15.1,50.2,6.2
2016-06-01,Minnesota,27062,47916,5519952,6.4,23.3,15.1,50.2,6.2
2016-05-01,Minnesota,24146,42135,5519952,6.4,23.3,15.1,50.2,6.2
2016-04-01,Minnesota,30337,57100,5519952,6.4,23.3,15.1,50.2,6.2
2016-03-01,Minnesota,29378,56311,5519952,6.4,23.3,15.1,50.2,6.2
2016-02-01,Minnesota,25678,50144,5519952,6.4,23.3,15.1,50.2,6.2
2016-01-01,Minnesota,27969,50842,5519952,6.4,23.3,15.1,50.2,6.2
2016-12-01,Mississippi,1771,36091,2988726,6.3,24.1,15.1,51.5,37.7
2016-11-01,Mississippi,2052,29113,2988726,6.3,24.1,15.1,51.5,37.7
2016-10-01,Mississippi,2004,21433,2988726,6.3,24.1,15.1,51.5,37.7
2016-09-01,Mississippi,2554,19705,2988726,6.3,24.1,15.1,51.5,37.7
2016-08-01,Mississippi,2524,26351,2988726,6.3,24.1,15.1,51.5,37.7
2016-07-01,Mississippi,1913,21907,2988726,6.3,24.1,15.1,51.5,37.7
2016-06-01,Mississippi,1996,17507,2988726,6.3,24.1,15.1,51.5,37.7
2016-05-01,Mississippi,1981,15159,2988726,6.3,24.1,15.1,51.5,37.7
2016-04-01,Mississippi,1416,17182,2988726,6.3,24.1,15.1,51.5,37.7
2016-03-01,Mississippi,1740,21727,2988726,6.3,24.1,15.1,51.5,37.7
2016-02-01,Mississippi,1171,28656,2988726,6.3,24.1,15.1,51.5,37.7
2016-01-01,Mississippi,1442,21330,2988726,6.3,24.1,15.1,51.5,37.7
2016-12-01,Missouri,1167,63289,6093000,6.1,22.8,16.1,50.9,11.8
2016-11-01,Missouri,1504,57501,6093000,6.1,22.8,16.1,50.9,11.8
2016-10-01,Missouri,1921,50651,6093000,6.1,22.8,16.1,50.9,11.8
2016-09-01,Missouri,2907,41437,6093000,6.1,22.8,16.1,50.9,11.8
2016-08-01,Missouri,5318,44182,6093000,6.1,22.8,16.1,50.9,11.8
2016-07-01,Missouri,6903,46637,6093000,6.1,22.8,16.1,50.9,11.8
2016-06-01,Missouri,7958,45384,6093000,6.1,22.8,16.1,50.9,11.8
2016-05-01,Missouri,9606,40752,6093000,6.1,22.8,16.1,50.9,11.8
2016-04-01,Missouri,12050,49098,6093000,6.1,22.8,16.1,50.9,11.8
2016-03-01,Missouri,17076,64449,6093000,6.1,22.8,16.1,50.9,11.8
2016-02-01,Missouri,13121,67682,6093000,6.1,22.8,16.1,50.9,11.8
2016-01-01,Missouri,11441,61257,6093000,6.1,22.8,16.1,50.9,11.8
2016-12-01,Montana,1408,12610,1042520,6.0,21.8,17.7,49.7,0.6
2016-11-01,Montana,1621,12074,1042520,6.0,21.8,17.7,49.7,0.6
2016-10-01,Montana,1523,13411,1042520,6.0,21.8,17.7,49.7,0.6
2016-09-01,Montana,1355,11479,1042520,6.0,21.8,17.7,49.7,0.6
2016-08-01,Montana,1483,10672,1042520,6.0,21.8,17.7,49.7,0.6
2016-07-01,Montana,1356,9869,1042520,6.0,21.8,17.7,49.7,0.6
2016-06-01,Montana,1614,10610,1042520,6.0,21.8,17.7,49.7,0.6
2016-05-01,Montana,1490,9551,1042520,6.0,21.8,17.7,49.7,0.6
2016-04-01,Montana,1771,10728,1042520,6.0,21.8,17.7,49.7,0.6
2016-03-01,Montana,2372,11967,1042520,6.0,21.8,17.7,49.7,0.6
2016-02-01,Montana,2279,12644,1042520,6.0,21.8,17.7,49.7,0.6
2016-01-01,Montana,2240,10722,1042520,6.0,21.8,17.7,49.7,0.6
2016-12-01,Nebraska,4704,8790,1907116,7.0,24.8,15.0,50.2,5.0
2016-11-01,Nebraska,5008,9086,1907116,7.0,24.8,15.0,50.2,5.0
2016-10-01,Nebraska,4705,7834,1907116,7.0,24.8,15.0,50.2,5.0
2016-09-01,Nebraska,3682,6099,1907116,7.0,24.8,15.0,50.2,5.0
2016-08-01,Nebraska,4257,6405,1907116,7.0,24.8,15.0,50.2,5.0
2016-07-01,Nebraska,3629,5429,1907116,7.0,24.8,15.0,50.2,5.0
2016-06-01,Nebraska,3890,5777,1907116,7.0,24.8,15.0,50.2,5.0
2016-05-01,Nebraska,3394,4956,1907116,7.0,24.8,15.0,50.2,5.0
2016-04-01,Nebraska,4353,6280,1907116,7.0,24.8,15.0,50.2,5.0
2016-03-01,Nebraska,6108,8315,1907116,7.0,24.8,15.0,50.2,5.0
2016-02-01,Nebraska,6096,8576,1907116,7.0,24.8,15.0,50.2,5.0
2016-01-01,Nebraska,8560,11116,1907116,7.0,24.8,15.0,50.2,5.0
2016-12-01,Nevada,2216,14889,2940058,6.3,23.0,15.0,49.9,9.6
2016-11-01,Nevada,2595,14476,2940058,6.3,23.0,15.0,49.9,9.6
2016-10-01,Nevada,1726,12026,2940058,6.3,23.0,15.0,49.9,9.6
2016-09-01,Nevada,2386,10434,2940058,6.3,23.0,15.0,49.9,9.6
2016-08-01,Nevada,2256,10520,2940058,6.3,23.0,15.0,49.9,9.6
2016-07-01,Nevada,2497,11785,2940058,6.3,23.0,15.0,49.9,9.6
2016-06-01,Nevada,2645,11771,2940058,6.3,23.0,15.0,49.9,9.6
2016-05-01,Nevada,2624,10105,2940058,6.3,23.0,15.0,49.9,9.6
2016-04-01,Nevada,2958,11803,2940058,6.3,23.0,15.0,49.9,9.6
2016-03-01,Nevada,3373,13550,2940058,6.3,23.0,15.0,49.9,9.6
2016-02-01,Nevada,3288,14342,2940058,6.3,23.0,15.0,49.9,9.6
2016-01-01,Nevada,2386,12291,2940058,6.3,23.0,15.0,49.9,9.6
2016-12-01,New Hampshire,3160,14305,1334795,4.8,19.5,17.0,50.5,1.5
2016-11-01,New Hampshire,3814,15256,1334795,4.8,19.5,17.0,50.5,1.5
2016-10-01,New Hampshire,4062,15045,1334795,4.8,19.5,17.0,50.5,1.5
2016-09-01,New Hampshire,4131,13329,1334795,4.8,19.5,17.0,50.5,1.5
2016-08-01,New Hampshire,3629,12039,1334795,4.8,19.5,17.0,50.5,1.5
2016-07-01,New Hampshire,3882,13068,1334795,4.8,19.5,17.0,50.5,1.5
2016-06-01,New Hampshire,3728,12661,1334795,4.8,19.5,17.0,50.5,1.5
2016-05-01,New Hampshire,3719,10869,1334795,4.8,19.5,17.0,50.5,1.5
2016-04-01,New Hampshire,3602,12630,1334795,4.8,19.5,17.0,50.5,1.5
2016-03-01,New Hampshire,4769,14498,1334795,4.8,19.5,17.0,50.5,1.5
2016-02-01,New Hampshire,4044,14577,1334795,4.8,19.5,17.0,50.5,1.5
2016-01-01,New Hampshire,5807,16887,1334795,4.8,19.5,17.0,50.5,1.5
2016-12-01,New Jersey,0,10577,8944469,5.8,22.2,15.3,51.2,15.0
2016-11-01,New Jersey,0,11317,8944469,5.8,22.2,15.3,51.2,15.0
2016-10-01,New Jersey,0,10175,8944469,5.8,22.2,15.3,51.2,15.0
2016-09-01,New Jersey,0,9309,8944469,5.8,22.2,15.3,51.2,15.0
2016-08-01,New Jersey,0,9728,8944469,5.8,22.2,15.3,51.2,15.0
2016-07-01,New Jersey,0,10074,8944469,5.8,22.2,15.3,51.2,15.0
2016-06-01,New Jersey,0,10806,8944469,5.8,22.2,15.3,51.2,15.0
2016-05-01,New Jersey,0,9770,8944469,5.8,22.2,15.3,51.2,15.0
2016-04-01,New Jersey,0,10465,8944469,5.8,22.2,15.3,51.2,15.0
2016-03-01,New Jersey,0,11138,8944469,5.8,22.2,15.3,51.2,15.0
2016-02-01,New Jersey,0,9811,8944469,5.8,22.2,15.3,51.2,15.0
2016-01-01,New Jersey,0,8683,8944469,5.8,22.2,15.3,51.2,15.0
2016-12-01,New Mexico,1079,17518,2081015,0.062,0.236,0.165,0.505,0.025
2016-11-01,New Mexico,1019,15116,2081015,0.062,0.236,0.165,0.505,0.025
2016-10-01,New Mexico,883,13089,2081015,0.062,0.236,0.165,0.505,0.025
2016-09-01,New Mexico,927,11867,2081015,0.062,0.236,0.165,0.505,0.025
2016-08-01,New Mexico,1141,12341,2081015,0.062,0.236,0.165,0.505,0.025
2016-07-01,New Mexico,1103,12219,2081015,0.062,0.236,0.165,0.505,0.025
2016-06-01,New Mexico,1202,12560,2081015,0.062,0.236,0.165,0.505,0.025
2016-05-01,New Mexico,1666,10847,2081015,0.062,0.236,0.165,0.505,0.025
2016-04-01,New Mexico,1619,12421,2081015,0.062,0.236,0.165,0.505,0.025
2016-03-01,New Mexico,1165,13999,2081015,0.062,0.236,0.165,0.505,0.025
2016-02-01,New Mexico,1576,16662,2081015,0.062,0.236,0.165,0.505,0.025
2016-01-01,New Mexico,769,12577,2081015,0.062,0.236,0.165,0.505,0.025
2016-12-01,New York,2469,40292,19745289,0.059,0.212,0.154,0.514,0.177
2016-11-01,New York,3702,43009,19745289,0.059,0.212,0.154,0.514,0.177
2016-10-01,New York,3941,37907,19745289,0.059,0.212,0.154,0.514,0.177
2016-09-01,New York,4362,33599,19745289,0.059,0.212,0.154,0.514,0.177
2016-08-01,New York,4135,30808,19745289,0.059,0.212,0.154,0.514,0.177
2016-07-01,New York,3738,29513,19745289,0.059,0.212,0.154,0.514,0.177
2016-06-01,New York,4257,28472,19745289,0.059,0.212,0.154,0.514,0.177
2016-05-01,New York,4053,26336,19745289,0.059,0.212,0.154,0.514,0.177
2016-04-01,New York,4181,31789,19745289,0.059,0.212,0.154,0.514,0.177
2016-03-01,New York,5302,34781,19745289,0.059,0.212,0.154,0.514,0.177
2016-02-01,New York,4971,34195,19745289,0.059,0.212,0.154,0.514,0.177
2016-01-01,New York,4535,34071,19745289,0.059,0.212,0.154,0.514,0.177
2016-12-01,North Carolina,29463,65145,10146788,0.06,0.227,0.155,0.514,0.222
2016-11-01,North Carolina,29034,59658,10146788,0.06,0.227,0.155,0.514,0.222
2016-10-01,North Carolina,26407,49372,10146788,0.06,0.227,0.155,0.514,0.222
2016-09-01,North Carolina,25994,46452,10146788,0.06,0.227,0.155,0.514,0.222
2016-08-01,North Carolina,28076,46518,10146788,0.06,0.227,0.155,0.514,0.222
2016-07-01,North Carolina,25408,44123,10146788,0.06,0.227,0.155,0.514,0.222
2016-06-01,North Carolina,26567,44535,10146788,0.06,0.227,0.155,0.514,0.222
2016-05-01,North Carolina,25228,38727,10146788,0.06,0.227,0.155,0.514,0.222
2016-04-01,North Carolina,27505,43592,10146788,0.06,0.227,0.155,0.514,0.222
2016-03-01,North Carolina,34897,53581,10146788,0.06,0.227,0.155,0.514,0.222
2016-02-01,North Carolina,33753,58096,10146788,0.06,0.227,0.155,0.514,0.222
2016-01-01,North Carolina,33032,51646,10146788,0.06,0.227,0.155,0.514,0.222
2016-12-01,North Dakota,1189,6261,757952,0.073,0.233,0.145,0.487,0.029
2016-11-01,North Dakota,720,6494,757952,0.073,0.233,0.145,0.487,0.029
2016-10-01,North Dakota,676,7283,757952,0.073,0.233,0.145,0.487,0.029
2016-09-01,North Dakota,819,5883,757952,0.073,0.233,0.145,0.487,0.029
2016-08-01,North Dakota,1216,5461,757952,0.073,0.233,0.145,0.487,0.029
2016-07-01,North Dakota,1305,5470,757952,0.073,0.233,0.145,0.487,0.029
2016-06-01,North Dakota,2462,6568,757952,0.073,0.233,0.145,0.487,0.029
2016-05-01,North Dakota,1319,4620,757952,0.073,0.233,0.145,0.487,0.029
2016-04-01,North Dakota,765,6039,757952,0.073,0.233,0.145,0.487,0.029
2016-03-01,North Dakota,1208,6281,757952,0.073,0.233,0.145,0.487,0.029
2016-02-01,North Dakota,761,5799,757952,0.073,0.233,0.145,0.487,0.029
2016-01-01,North Dakota,800,5877,757952,0.073,0.233,0.145,0.487,0.029
2016-12-01,Ohio,11781,88178,11614373,0.06,0.225,0.162,0.51,0.128
2016-11-01,Ohio,12670,88928,11614373,0.06,0.225,0.162,0.51,0.128
2016-10-01,Ohio,12693,71864,11614373,0.06,0.225,0.162,0.51,0.128
2016-09-01,Ohio,11166,58828,11614373,0.06,0.225,0.162,0.51,0.128
2016-08-01,Ohio,13656,62418,11614373,0.06,0.225,0.162,0.51,0.128
2016-07-01,Ohio,11762,63148,11614373,0.06,0.225,0.162,0.51,0.128
2016-06-01,Ohio,13236,60366,11614373,0.06,0.225,0.162,0.51,0.128
2016-05-01,Ohio,14797,58406,11614373,0.06,0.225,0.162,0.51,0.128
2016-04-01,Ohio,16083,71881,11614373,0.06,0.225,0.162,0.51,0.128
2016-03-01,Ohio,19568,85267,11614373,0.06,0.225,0.162,0.51,0.128
2016-02-01,Ohio,16201,90222,11614373,0.06,0.225,0.162,0.51,0.128
2016-01-01,Ohio,13836,76218,11614373,0.06,0.225,0.162,0.51,0.128
2016-12-01,Oklahoma,0,43082,3923561,0.068,0.245,0.15,0.505,0.078
2016-11-01,Oklahoma,0,40123,3923561,0.068,0.245,0.15,0.505,0.078
2016-10-01,Oklahoma,0,28578,3923561,0.068,0.245,0.15,0.505,0.078
2016-09-01,Oklahoma,0,25309,3923561,0.068,0.245,0.15,0.505,0.078
2016-08-01,Oklahoma,0,25927,3923561,0.068,0.245,0.15,0.505,0.078
2016-07-01,Oklahoma,0,25946,3923561,0.068,0.245,0.15,0.505,0.078
2016-06-01,Oklahoma,0,26167,3923561,0.068,0.245,0.15,0.505,0.078
2016-05-01,Oklahoma,0,21379,3923561,0.068,0.245,0.15,0.505,0.078
2016-04-01,Oklahoma,0,26489,3923561,0.068,0.245,0.15,0.505,0.078
2016-03-01,Oklahoma,0,29112,3923561,0.068,0.245,0.15,0.505,0.078
2016-02-01,Oklahoma,0,37589,3923561,0.068,0.245,0.15,0.505,0.078
2016-01-01,Oklahoma,0,34889,3923561,0.068,0.245,0.15,0.505,0.078
2016-12-01,Oregon,777,35754,4093465,0.058,0.212,0.168,0.505,0.021
2016-11-01,Oregon,831,33555,4093465,0.058,0.212,0.168,0.505,0.021
2016-10-01,Oregon,787,28948,4093465,0.058,0.212,0.168,0.505,0.021
2016-09-01,Oregon,114,26487,4093465,0.058,0.212,0.168,0.505,0.021
2016-08-01,Oregon,71,22911,4093465,0.058,0.212,0.168,0.505,0.021
2016-07-01,Oregon,21,24813,4093465,0.058,0.212,0.168,0.505,0.021
2016-06-01,Oregon,48,25502,4093465,0.058,0.212,0.168,0.505,0.021
2016-05-01,Oregon,28,21266,4093465,0.058,0.212,0.168,0.505,0.021
2016-04-01,Oregon,24,23132,4093465,0.058,0.212,0.168,0.505,0.021
2016-03-01,Oregon,69,27093,4093465,0.058,0.212,0.168,0.505,0.021
2016-02-01,Oregon,88,28869,4093465,0.058,0.212,0.168,0.505,0.021
2016-01-01,Oregon,45,26378,4093465,0.058,0.212,0.168,0.505,0.021
2016-12-01,Pennsylvania,28180,111913,12784227,0.056,0.209,0.174,0.51,0.118
2016-11-01,Pennsylvania,30800,118378,12784227,0.056,0.209,0.174,0.51,0.118
2016-10-01,Pennsylvania,29248,103095,12784227,0.056,0.209,0.174,0.51,0.118
2016-09-01,Pennsylvania,26936,86424,12784227,0.056,0.209,0.174,0.51,0.118
2016-08-01,Pennsylvania,27897,86652,12784227,0.056,0.209,0.174,0.51,0.118
2016-07-01,Pennsylvania,26819,86137,12784227,0.056,0.209,0.174,0.51,0.118
2016-06-01,Pennsylvania,23639,80806,12784227,0.056,0.209,0.174,0.51,0.118
2016-05-01,Pennsylvania,20806,70244,12784227,0.056,0.209,0.174,0.51,0.118
2016-04-01,Pennsylvania,24297,88140,12784227,0.056,0.209,0.174,0.51,0.118
2016-03-01,Pennsylvania,31577,105145,12784227,0.056,0.209,0.174,0.51,0.118
2016-02-01,Pennsylvania,29651,104116,12784227,0.056,0.209,0.174,0.51,0.118
2016-01-01,Pennsylvania,33905,102170,12784227,0.056,0.209,0.174,0.51,0.118
2016-12-01,Rhode Island,0,2542,1056426,0.052,0.197,0.165,0.514,0.081
2016-11-01,Rhode Island,0,2658,1056426,0.052,0.197,0.165,0.514,0.081
2016-10-01,Rhode Island,0,2448,1056426,0.052,0.197,0.165,0.514,0.081
2016-09-01,Rhode Island,0,2052,1056426,0.052,0.197,0.165,0.514,0.081
2016-08-01,Rhode Island,0,2090,1056426,0.052,0.197,0.165,0.514,0.081
2016-07-01,Rhode Island,0,2368,1056426,0.052,0.197,0.165,0.514,0.081
2016-06-01,Rhode Island,0,2302,1056426,0.052,0.197,0.165,0.514,0.081
2016-05-01,Rhode Island,0,1648,1056426,0.052,0.197,0.165,0.514,0.081
2016-04-01,Rhode Island,0,2125,1056426,0.052,0.197,0.165,0.514,0.081
2016-03-01,Rhode Island,0,2516,1056426,0.052,0.197,0.165,0.514,0.081
2016-02-01,Rhode Island,0,2392,1056426,0.052,0.197,0.165,0.514,0.081
2016-01-01,Rhode Island,0,2617,1056426,0.052,0.197,0.165,0.514,0.081
2016-12-01,South Carolina,9634,43044,4961119,0.059,0.221,0.167,0.515,0.275
2016-11-01,South Carolina,12216,39711,4961119,0.059,0.221,0.167,0.515,0.275
2016-10-01,South Carolina,11817,31780,4961119,0.059,0.221,0.167,0.515,0.275
2016-09-01,South Carolina,10337,28988,4961119,0.059,0.221,0.167,0.515,0.275
2016-08-01,South Carolina,13000,31389,4961119,0.059,0.221,0.167,0.515,0.275
2016-07-01,South Carolina,14025,32730,4961119,0.059,0.221,0.167,0.515,0.275
2016-06-01,South Carolina,12286,30209,4961119,0.059,0.221,0.167,0.515,0.275
2016-05-01,South Carolina,11329,24923,4961119,0.059,0.221,0.167,0.515,0.275
2016-04-01,South Carolina,14347,30929,4961119,0.059,0.221,0.167,0.515,0.275
2016-03-01,South Carolina,17408,38503,4961119,0.059,0.221,0.167,0.515,0.275
2016-02-01,South Carolina,12817,39376,4961119,0.059,0.221,0.167,0.515,0.275
2016-01-01,South Carolina,10212,31396,4961119,0.059,0.221,0.167,0.515,0.275
2016-12-01,South Dakota,1238,10739,865454,0.071,0.246,0.16,0.496,0.02
2016-11-01,South Dakota,1501,11622,865454,0.071,0.246,0.16,0.496,0.02
2016-10-01,South Dakota,1629,12670,865454,0.071,0.246,0.16,0.496,0.02
2016-09-01,South Dakota,1335,9284,865454,0.071,0.246,0.16,0.496,0.02
2016-08-01,South Dakota,1259,7873,865454,0.071,0.246,0.16,0.496,0.02
2016-07-01,South Dakota,1179,7406,865454,0.071,0.246,0.16,0.496,0.02
2016-06-01,South Dakota,1155,7519,865454,0.071,0.246,0.16,0.496,0.02
2016-05-01,South Dakota,922,6403,865454,0.071,0.246,0.16,0.496,0.02
2016-04-01,South Dakota,1114,8275,865454,0.071,0.246,0.16,0.496,0.02
2016-03-01,South Dakota,1448,9178,865454,0.071,0.246,0.16,0.496,0.02
2016-02-01,South Dakota,1627,10732,865454,0.071,0.246,0.16,0.496,0.02
2016-01-01,South Dakota,1872,10220,865454,0.071,0.246,0.16,0.496,0.02
2016-12-01,Tennessee,5124,74884,6651194,0.061,0.226,0.157,0.512,0.171
2016-11-01,Tennessee,17474,74722,6651194,0.061,0.226,0.157,0.512,0.171
2016-10-01,Tennessee,12980,56652,6651194,0.061,0.226,0.157,0.512,0.171
2016-09-01,Tennessee,11512,48546,6651194,0.061,0.226,0.157,0.512,0.171
2016-08-01,Tennessee,18828,60971,6651194,0.061,0.226,0.157,0.512,0.171
2016-07-01,Tennessee,1915,57653,6651194,0.061,0.226,0.157,0.512,0.171
2016-06-01,Tennessee,2123,56218,6651194,0.061,0.226,0.157,0.512,0.171
2016-05-01,Tennessee,2564,44044,6651194,0.061,0.226,0.157,0.512,0.171
2016-04-01,Tennessee,4151,57837,6651194,0.061,0.226,0.157,0.512,0.171
2016-03-01,Tennessee,2578,51955,6651194,0.061,0.226,0.157,0.512,0.171
2016-02-01,Tennessee,12348,68503,6651194,0.061,0.226,0.157,0.512,0.171
2016-01-01,Tennessee,14485,62789,6651194,0.061,0.226,0.157,0.512,0.171
2016-12-01,Texas,24494,181572,27862596,7.2,26.2,12.0,50.4,12.6
2016-11-01,Texas,23199,157519,27862596,7.2,26.2,12.0,50.4,12.6
2016-10-01,Texas,34700,144467,27862596,7.2,26.2,12.0,50.4,12.6
2016-09-01,Texas,29142,126694,27862596,7.2,26.2,12.0,50.4,12.6
2016-08-01,Texas,25803,124608,27862596,7.2,26.2,12.0,50.4,12.6
2016-07-01,Texas,24634,127207,27862596,7.2,26.2,12.0,50.4,12.6
2016-06-01,Texas,23267,120263,27862596,7.2,26.2,12.0,50.4,12.6
2016-05-01,Texas,25496,104134,27862596,7.2,26.2,12.0,50.4,12.6
2016-04-01,Texas,38061,126292,27862596,7.2,26.2,12.0,50.4,12.6
2016-03-01,Texas,48497,152465,27862596,7.2,26.2,12.0,50.4,12.6
2016-02-01,Texas,56900,192417,27862596,7.2,26.2,12.0,50.4,12.6
2016-01-01,Texas,36269,164088,27862596,7.2,26.2,12.0,50.4,12.6
2016-12-01,Utah,12544,29485,3051217,8.3,30.2,10.5,49.7,1.4
2016-11-01,Utah,13500,26928,3051217,8.3,30.2,10.5,49.7,1.4
2016-10-01,Utah,13883,23339,3051217,8.3,30.2,10.5,49.7,1.4
2016-09-01,Utah,11262,19914,3051217,8.3,30.2,10.5,49.7,1.4
2016-08-01,Utah,13405,21178,3051217,8.3,30.2,10.5,49.7,1.4
2016-07-01,Utah,9754,17608,3051217,8.3,30.2,10.5,49.7,1.4
2016-06-01,Utah,19677,28189,3051217,8.3,30.2,10.5,49.7,1.4
2016-05-01,Utah,16748,24045,3051217,8.3,30.2,10.5,49.7,1.4
2016-04-01,Utah,22419,30706,3051217,8.3,30.2,10.5,49.7,1.4
2016-03-01,Utah,21789,30548,3051217,8.3,30.2,10.5,49.7,1.4
2016-02-01,Utah,12927,22999,3051217,8.3,30.2,10.5,49.7,1.4
2016-01-01,Utah,10485,19968,3051217,8.3,30.2,10.5,49.7,1.4
2016-12-01,Vermont,0,3977,624594,4.9,19.0,18.1,50.6,1.3
2016-11-01,Vermont,0,3503,624594,4.9,19.0,18.1,50.6,1.3
2016-10-01,Vermont,0,3769,624594,4.9,19.0,18.1,50.6,1.3
2016-09-01,Vermont,0,3130,624594,4.9,19.0,18.1,50.6,1.3
2016-08-01,Vermont,0,2724,624594,4.9,19.0,18.1,50.6,1.3
2016-07-01,Vermont,0,2674,624594,4.9,19.0,18.1,50.6,1.3
2016-06-01,Vermont,0,2688,624594,4.9,19.0,18.1,50.6,1.3
2016-05-01,Vermont,0,2247,624594,4.9,19.0,18.1,50.6,1.3
2016-04-01,Vermont,0,3220,624594,4.9,19.0,18.1,50.6,1.3
2016-03-01,Vermont,0,3861,624594,4.9,19.0,18.1,50.6,1.3
2016-02-01,Vermont,0,4173,624594,4.9,19.0,18.1,50.6,1.3
2016-01-01,Vermont,0,3451,624594,4.9,19.0,18.1,50.6,1.3
2016-12-01,Virginia,1145,62649,8411808,6.1,22.2,14.6,50.8,19.8
2016-11-01,Virginia,695,58362,8411808,6.1,22.2,14.6,50.8,19.8
2016-10-01,Virginia,816,46862,8411808,6.1,22.2,14.6,50.8,19.8
2016-09-01,Virginia,804,38779,8411808,6.1,22.2,14.6,50.8,19.8
2016-08-01,Virginia,776,38667,8411808,6.1,22.2,14.6,50.8,19.8
2016-07-01,Virginia,1102,43574,8411808,6.1,22.2,14.6,50.8,19.8
2016-06-01,Virginia,985,37593,8411808,6.1,22.2,14.6,50.8,19.8
2016-05-01,Virginia,943,30787,8411808,6.1,22.2,14.6,50.8,19.8
2016-04-01,Virginia,415,36219,8411808,6.1,22.2,14.6,50.8,19.8
2016-03-01,Virginia,828,42741,8411808,6.1,22.2,14.6,50.8,19.8
2016-02-01,Virginia,784,47955,8411808,6.1,22.2,14.6,50.8,19.8
2016-01-01,Virginia,524,44181,8411808,6.1,22.2,14.6,50.8,19.8
2016-12-01,Washington,14178,59181,7288000,6.2,22.4,14.8,50.0,4.1
2016-11-01,Washington,13926,56963,7288000,6.2,22.4,14.8,50.0,4.1
2016-10-01,Washington,15570,57746,7288000,6.2,22.4,14.8,50.0,4.1
2016-09-01,Washington,12021,48147,7288000,6.2,22.4,14.8,50.0,4.1
2016-08-01,Washington,14063,46645,7288000,6.2,22.4,14.8,50.0,4.1
2016-07-01,Washington,14111,47887,7288000,6.2,22.4,14.8,50.0,4.1
2016-06-01,Washington,13202,50487,7288000,6.2,22.4,14.8,50.0,4.1
2016-05-01,Washington,12459,41282,7288000,6.2,22.4,14.8,50.0,4.1
2016-04-01,Washington,34121,65565,7288000,6.2,22.4,14.8,50.0,4.1
2016-03-01,Washington,89199,126000,7288000,6.2,22.4,14.8,50.0,4.1
2016-02-01,Washington,15736,56043,7288000,6.2,22.4,14.8,50.0,4.1
2016-01-01,Washington,19688,58050,7288000,6.2,22.4,14.8,50.0,4.1
2016-12-01,West Virginia,1465,27242,1831102,5.5,20.5,18.8,50.5,3.6
2016-11-01,West Virginia,1786,25378,1831102,5.5,20.5,18.8,50.5,3.6
2016-10-01,West Virginia,1937,20035,1831102,5.5,20.5,18.8,50.5,3.6
2016-09-01,West Virginia,1686,18079,1831102,5.5,20.5,18.8,50.5,3.6
2016-08-01,West Virginia,1948,17315,1831102,5.5,20.5,18.8,50.5,3.6
2016-07-01,West Virginia,1992,16791,1831102,5.5,20.5,18.8,50.5,3.6
2016-06-01,West Virginia,1822,16423,1831102,5.5,20.5,18.8,50.5,3.6
2016-05-01,West Virginia,1939,14918,1831102,5.5,20.5,18.8,50.5,3.6
2016-04-01,West Virginia,2323,17825,1831102,5.5,20.5,18.8,50.5,3.6
2016-03-01,West Virginia,3003,22143,1831102,5.5,20.5,18.8,50.5,3.6
2016-02-01,West Virginia,3527,27216,1831102,5.5,20.5,18.8,50.5,3.6
2016-01-01,West Virginia,3378,18985,1831102,5.5,20.5,18.8,50.5,3.6
2016-12-01,Wisconsin,24129,56928,5778708,5.8,22.3,16.1,50.3,6.6
2016-11-01,Wisconsin,26474,65277,5778708,5.8,22.3,16.1,50.3,6.6
2016-10-01,Wisconsin,28980,63442,5778708,5.8,22.3,16.1,50.3,6.6
2016-09-01,Wisconsin,30268,59639,5778708,5.8,22.3,16.1,50.3,6.6
2016-08-01,Wisconsin,25551,53689,5778708,5.8,22.3,16.1,50.3,6.6
2016-07-01,Wisconsin,14505,38922,5778708,5.8,22.3,16.1,50.3,6.6
2016-06-01,Wisconsin,5459,30747,5778708,5.8,22.3,16.1,50.3,6.6
2016-05-01,Wisconsin,6549,27431,5778708,5.8,22.3,16.1,50.3,6.6
2016-04-01,Wisconsin,8256,38403,5778708,5.8,22.3,16.1,50.3,6.6
2016-03-01,Wisconsin,10344,44925,5778708,5.8,22.3,16.1,50.3,6.6
2016-02-01,Wisconsin,9420,42855,5778708,5.8,22.3,16.1,50.3,6.6
2016-01-01,Wisconsin,9496,39561,5778708,5.8,22.3,16.1,50.3,6.6
2016-12-01,Wyoming,437,6560,585501,6.5,23.7,15.0,48.9,1.3
2016-11-01,Wyoming,393,5814,585501,6.5,23.7,15.0,48.9,1.3
2016-10-01,Wyoming,534,5228,585501,6.5,23.7,15.0,48.9,1.3
2016-09-01,Wyoming,699,5086,585501,6.5,23.7,15.0,48.9,1.3
2016-08-01,Wyoming,906,5295,585501,6.5,23.7,15.0,48.9,1.3
2016-07-01,Wyoming,597,4585,585501,6.5,23.7,15.0,48.9,1.3
2016-06-01,Wyoming,509,4812,585501,6.5,23.7,15.0,48.9,1.3
2016-05-01,Wyoming,868,4504,585501,6.5,23.7,15.0,48.9,1.3
2016-04-01,Wyoming,785,5029,585501,6.5,23.7,15.0,48.9,1.3
2016-03-01,Wyoming,700,5302,585501,6.5,23.7,15.0,48.9,1.3
2016-02-01,Wyoming,551,5703,585501,6.5,23.7,15.0,48.9,1.3
2016-01-01,Wyoming,959,5676,585501,6.5,23.7,15.0,48.9,1.3
